SubSystemId,Controller
1,/ASTIR
1,/ASTIR/
2,/ASTIR/ArchivedDataEmails
2,/ASTIR/ArchivedDataEmails/
2,/ASTIR/ArchivedDataEmails/GetDataFiles/
2,/ASTIR/ArchivedDataEmails/GetGroupMaxFileSize/
2,/ASTIR/ArchivedDataEmails/ReadEntries
3,/ASTIR/AstirCustomTagLists
3,/ASTIR/AstirCustomTagLists/
4,/ASTIR/AuditDocument/
4,/ASTIR/AuditDocument/ReadAuditDocumentEntries/
5,/ASTIR/EditReports
5,/ASTIR/EditReports/
5,/ASTIR/EditReports/CheckIfAttributesExist/
5,/ASTIR/EditReports/CheckIfComponentGroupsExist/
5,/ASTIR/EditReports/CloneComponentAttributeEntries/
5,/ASTIR/EditReports/CloneComponentEntries/
5,/ASTIR/EditReports/CloneConfigItems/
5,/ASTIR/EditReports/CloneContentEntries/
5,/ASTIR/EditReports/CloneObjectEntries/
5,/ASTIR/EditReports/CloneReportConfig/
5,/ASTIR/EditReports/CreateAttributeParameterEntries/
5,/ASTIR/EditReports/CreateComponentAttributeEntries/
5,/ASTIR/EditReports/CreateComponentEntries/
5,/ASTIR/EditReports/CreateComponentGroupEntries/
5,/ASTIR/EditReports/CreateConfigureEntries/
5,/ASTIR/EditReports/CreateContentEntries/
5,/ASTIR/EditReports/CreateContentListEntries/
5,/ASTIR/EditReports/CreateLinkEntries/
5,/ASTIR/EditReports/CreateObjectEntries/
5,/ASTIR/EditReports/CreateObjectPropertyEntries/
5,/ASTIR/EditReports/DeleteAttributeParameterEntries/
5,/ASTIR/EditReports/DeleteComponentAttributeEntries/
5,/ASTIR/EditReports/DeleteComponentEntries/
5,/ASTIR/EditReports/DeleteComponentGroupEntries/
5,/ASTIR/EditReports/DeleteConfigureEntries/
5,/ASTIR/EditReports/DeleteContentEntries/
5,/ASTIR/EditReports/DeleteContentListEntries/
5,/ASTIR/EditReports/DeleteLinkEntries/
5,/ASTIR/EditReports/DeleteObjectEntries/
5,/ASTIR/EditReports/DeleteObjectPropertyEntries/
5,/ASTIR/EditReports/DeletePreviousReportVersion/
5,/ASTIR/EditReports/GetComponentLinkedLocations
5,/ASTIR/EditReports/GetContentList/
5,/ASTIR/EditReports/GetLinkValueType/
5,/ASTIR/EditReports/GetLinkValues/
5,/ASTIR/EditReports/GetLinkedLocations
5,/ASTIR/EditReports/GetParameterValueType/
5,/ASTIR/EditReports/GetReportJsonData/
5,/ASTIR/EditReports/GetSystems/
5,/ASTIR/EditReports/GetTabCounts/
5,/ASTIR/EditReports/GetValueType/
5,/ASTIR/EditReports/LoadConfigItemsToClone/
5,/ASTIR/EditReports/LoadPreviousReportVersions/
5,/ASTIR/EditReports/LoadReport/
5,/ASTIR/EditReports/LoadReports/
5,/ASTIR/EditReports/ReadAttributeParameterEntries/
5,/ASTIR/EditReports/ReadComponentAttributeEntries/
5,/ASTIR/EditReports/ReadComponentEntries/
5,/ASTIR/EditReports/ReadComponentGroupEntries/
5,/ASTIR/EditReports/ReadComponentOrder/
5,/ASTIR/EditReports/ReadComponentPropertyEntries/
5,/ASTIR/EditReports/ReadConfigureEntries/
5,/ASTIR/EditReports/ReadContentEntries/
5,/ASTIR/EditReports/ReadContentListEntries/
5,/ASTIR/EditReports/ReadInputTagList/
5,/ASTIR/EditReports/ReadLinkEntries/
5,/ASTIR/EditReports/ReadObjectEntries/
5,/ASTIR/EditReports/ReadObjectPropertyEntries/
5,/ASTIR/EditReports/ReadObjectPropertyOrder/
5,/ASTIR/EditReports/ReadOutputTagList/
5,/ASTIR/EditReports/ReadReportContentOrder/
5,/ASTIR/EditReports/ReadSectionContentOrder/
5,/ASTIR/EditReports/RevertReport/
5,/ASTIR/EditReports/SaveReport/
5,/ASTIR/EditReports/UpdateAttributeParameterEntries/
5,/ASTIR/EditReports/UpdateComponentAttributeEntries/
5,/ASTIR/EditReports/UpdateComponentEntries/
5,/ASTIR/EditReports/UpdateComponentGroupEntries/
5,/ASTIR/EditReports/UpdateComponentOrder
5,/ASTIR/EditReports/UpdateConfigureEntries/
5,/ASTIR/EditReports/UpdateContentEntries/
5,/ASTIR/EditReports/UpdateContentListEntries/
5,/ASTIR/EditReports/UpdateContentOrder
5,/ASTIR/EditReports/UpdateLinkEntries/
5,/ASTIR/EditReports/UpdateObjectEntries/
5,/ASTIR/EditReports/UpdateObjectPropertyEntries/
5,/ASTIR/EditReports/UpdateObjectPropertyOrder
5,/ASTIR/EditReports/UpdateSectionContentOrder
6,/ASTIR/ExportData
6,/ASTIR/ExportData/
6,/ASTIR/ExportData/GetTagFile
6,/ASTIR/ExportData/GetTagList/
6,/ASTIR/ExportData/ReadTagInfo/
7,/ASTIR/ImportData
7,/ASTIR/ImportData/
7,/ASTIR/ImportData/GetImportInfo/
7,/ASTIR/ImportData/ReadUploadEvents/
7,/ASTIR/ImportData/RefreshUploadAlert/
8,/ASTIR/ManageReports
8,/ASTIR/ManageReports/
8,/ASTIR/ManageReports/CreateNewReport/
8,/ASTIR/ManageReports/DeleteReportFigure
8,/ASTIR/ManageReports/GetLinkedContributors
8,/ASTIR/ManageReports/GetLinkedUsers
8,/ASTIR/ManageReports/GetLogDetails
8,/ASTIR/ManageReports/GetReportAuditDetails
8,/ASTIR/ManageReports/GetReportFigures
8,/ASTIR/ManageReports/GetSystems/
8,/ASTIR/ManageReports/GetUnLinkedContributors
8,/ASTIR/ManageReports/GetUnLinkedUsers
8,/ASTIR/ManageReports/LinkAction
8,/ASTIR/ManageReports/LinkContributorsAction
8,/ASTIR/ManageReports/ReadEntries
8,/ASTIR/ManageReports/ReadMyTriggers
8,/ASTIR/ManageReports/RemoveReport/
8,/ASTIR/ManageReports/ReportAccessRequestTicketsExist
8,/ASTIR/ManageReports/ReturnTriggerSettingsForReports/
8,/ASTIR/ManageReports/TriggerReports/
8,/ASTIR/ManageReports/UnlinkAction
8,/ASTIR/ManageReports/UnlinkContributorsAction
8,/ASTIR/ManageReports/UpdateReport/
8,/ASTIR/ManageReports/UpdateTriggers
9,/ASTIR/MongoLogViewer
9,/ASTIR/MongoLogViewer/
9,/ASTIR/MongoLogViewer/ReadEventLogs/
10,/ASTIR/PendingFiles
10,/ASTIR/PendingFiles/
10,/ASTIR/PendingFiles/ReadPendingFilesForGroup
11,/ASTIR/ReportTags
11,/ASTIR/ReportTags/
11,/ASTIR/ReportTags/AddOutputTags/
11,/ASTIR/ReportTags/CreateAstirInputTags
11,/ASTIR/ReportTags/DeleteAstirInputTags/
11,/ASTIR/ReportTags/DeleteOutputTags/
11,/ASTIR/ReportTags/GetSystems/
11,/ASTIR/ReportTags/LoadAstirTagsToSearch/
11,/ASTIR/ReportTags/LoadReports/
11,/ASTIR/ReportTags/LoadTagsToSearch/
11,/ASTIR/ReportTags/ReadAstirInputTags/
11,/ASTIR/ReportTags/ReadOutputTags/
11,/ASTIR/ReportTags/UpdateAstirInputTags
11,/ASTIR/ReportTags/UpdateOutputTags/
11,/ASTIR/ReportTags/UploadFile/
12,/ASTIR/TagDataViewer
12,/ASTIR/TagDataViewer/
12,/ASTIR/TagDataViewer/GetTagDataValues
12,/ASTIR/TagDataViewer/SearchTags
13,/ASTIR/TagManager
13,/ASTIR/TagManager/
13,/ASTIR/TagManager/AddTags/
13,/ASTIR/TagManager/DeleteTags/
13,/ASTIR/TagManager/GetChangeLogDetails
13,/ASTIR/TagManager/GetLogDetails
13,/ASTIR/TagManager/GetTagInfo/
13,/ASTIR/TagManager/GetTagList/
13,/ASTIR/TagManager/ReadMTBTags/
13,/ASTIR/TagManager/ReadSiteTags/
13,/ASTIR/TagManager/ReadTags/
13,/ASTIR/TagManager/UpdateSiteTags/
13,/ASTIR/TagManager/UpdateTags/
13,/ASTIR/TagManager/UploadFile/
14,/CustomTagListsBase/CreateEntries
14,/CustomTagListsBase/GetAstirReports
14,/CustomTagListsBase/GetDeletedUsers_ByTagListID/
14,/CustomTagListsBase/GetLinkedTags
14,/CustomTagListsBase/GetLinkedUsers
14,/CustomTagListsBase/GetTagLists
14,/CustomTagListsBase/GetUnlinkedTags
14,/CustomTagListsBase/GetUnlinkedUsers
14,/CustomTagListsBase/IsUserLinkedUser
14,/CustomTagListsBase/LinkTags
14,/CustomTagListsBase/LinkUsers
14,/CustomTagListsBase/ReadEntries
14,/CustomTagListsBase/UnlinkTags
14,/CustomTagListsBase/UnlinkUsers
14,/CustomTagListsBase/UpdateEntries
15,/DatabaseManager
15,/DatabaseManager/
16,/DatabaseManager/ATBEvent/
16,/DatabaseManager/ATBEvent/GetATBEvents
16,/DatabaseManager/ATBEvent/ReadEntries/
17,/DatabaseManager/AppSectionRestrictions/
17,/DatabaseManager/AppSectionRestrictions/GetLinkedEntries
17,/DatabaseManager/AppSectionRestrictions/GetLinkedUsers
17,/DatabaseManager/AppSectionRestrictions/GetUnlinkedEntries
17,/DatabaseManager/AppSectionRestrictions/GetUnlinkedUsers
17,/DatabaseManager/AppSectionRestrictions/GetUsers
17,/DatabaseManager/AppSectionRestrictions/LinkEntries
18,/DatabaseManager/AppSmartViews/
18,/DatabaseManager/AppSmartViews/GetGroupReports
18,/DatabaseManager/AppSmartViews/GetLinkedUsers
18,/DatabaseManager/AppSmartViews/GetUnlinkedUsers
18,/DatabaseManager/AppSmartViews/ReadReportEntries/
19,/DatabaseManager/AppVersions/
19,/DatabaseManager/AppVersions/CreateEntries
19,/DatabaseManager/AppVersions/UpdateEntries
20,/DatabaseManager/BatchMenuLinkUsers/
20,/DatabaseManager/BatchMenuLinkUsers/ReadEntries
21,/DatabaseManager/ChangeEvent
21,/DatabaseManager/ChangeEvent/ReadAllChangeEntries/
22,/DatabaseManager/Dashboard/
22,/DatabaseManager/Dashboard/DeleteEntries
22,/DatabaseManager/Dashboard/ReadEntries
23,/DatabaseManager/DashboardLinkSublevel
23,/DatabaseManager/DashboardLinkSublevel/
24,/DatabaseManager/ExportTagDataDeveloper
24,/DatabaseManager/ExportTagDataDeveloper/
24,/DatabaseManager/ExportTagDataDeveloper/PostDataInSqlFile
24,/DatabaseManager/ExportTagDataDeveloper/SearchTags
25,/DatabaseManager/Groups/
26,/DatabaseManager/MaintenanceWindows
26,/DatabaseManager/MaintenanceWindows/CreateMenuEntries/
26,/DatabaseManager/MaintenanceWindows/UpdateMenuEntries/
27,/DatabaseManager/PTBDownloadResource/
28,/DatabaseManager/PTBLicense/
28,/DatabaseManager/PTBLicense/DeleteEntries
29,/DatabaseManager/RuntimeError/
29,/DatabaseManager/RuntimeError/ReadEntries
30,/DatabaseManager/SupportCategory
30,/DatabaseManager/SupportCategory/GetLinkSupportGroupAdminUser
30,/DatabaseManager/SupportCategory/GetLinkedUsers
30,/DatabaseManager/SupportCategory/GetUnLinkSupportGroupAdminUser
30,/DatabaseManager/SupportCategory/GetUnlinkedUsers
30,/DatabaseManager/SupportCategory/GetWorkLogContracts
30,/DatabaseManager/SupportCategory/GetWorkLogSites
30,/DatabaseManager/SupportCategory/Link
30,/DatabaseManager/SupportCategory/LinkSupportGroupAdminUser
30,/DatabaseManager/SupportCategory/UnLinkSupportGroupAdminUser
31,/DatabaseManager/SupportTicketType
31,/DatabaseManager/SupportTicketType/GetLinkedUsers
31,/DatabaseManager/SupportTicketType/GetUnlinkedUsers
31,/DatabaseManager/SupportTicketType/Link
31,/DatabaseManager/SupportTicketType/Unlink
32,/DatabaseManager/ToolboxLinkDashboard/
32,/DatabaseManager/ToolboxLinkDashboard/GetLinkedDashboards
33,/DatabaseManager/UserActivityTracking
33,/DatabaseManager/UserActivityTracking/GetATBSecondaryFilterSelectionData/
33,/DatabaseManager/UserActivityTracking/GetEventMetaData
33,/DatabaseManager/UserActivityTracking/GetMTBSecondaryFilterList/
33,/DatabaseManager/UserActivityTracking/GetMTBSubGraphOverview
33,/DatabaseManager/UserActivityTracking/GetMTBUserActivityOverview
33,/DatabaseManager/UserActivityTracking/GetUserActivityOverView
33,/DatabaseManager/UserActivityTracking/GetUsers/
33,/DatabaseManager/UserActivityTracking/LoadSideBar/
33,/DatabaseManager/UserActivityTracking/ReadATBEntries
33,/DatabaseManager/UserActivityTracking/ReadMTBEntries
34,/DatabaseManager/UserLinkDashboardsCheck/
35,/DatabaseManager/UserLinkGroupUser/
35,/DatabaseManager/UserLinkGroupUser/GetDeletedOrExpiredUsers
35,/DatabaseManager/UserLinkGroupUser/GetLinkedGroupUsers
35,/DatabaseManager/UserLinkGroupUser/GetUnlinkedGroupUsers
36,/DatabaseManager/UserLoginEvents/
36,/DatabaseManager/UserLoginEvents/GetLoginEvents
36,/DatabaseManager/UserLoginEvents/ReadEntries/
37,/DatabaseManager/UserRight/
37,/DatabaseManager/UserRight/UpdateEntries
38,/DatabaseManager/UserViewRights/
38,/DatabaseManager/UserViewRights/GetLinkedUsers
38,/DatabaseManager/UserViewRights/GetUnlinkedUsers
38,/DatabaseManager/UserViewRights/LinkUserRights
38,/DatabaseManager/UserViewRights/ReadEntries/
38,/DatabaseManager/UserViewRights/UnlinkUserRights
39,/DatabaseManager/Users
39,/DatabaseManager/Users/
39,/DatabaseManager/Users/CheckIfEmailExistsAndDeleted
39,/DatabaseManager/Users/CheckSupportLinks
39,/DatabaseManager/Users/CreateMenuLinkUserEntries
39,/DatabaseManager/Users/DeleteMenuLinkUserEntries
39,/DatabaseManager/Users/DeleteUser
39,/DatabaseManager/Users/GetDashboardsLinkedToUser
39,/DatabaseManager/Users/GetLinkedUserGroupRights
39,/DatabaseManager/Users/GetLinkedUserRights
39,/DatabaseManager/Users/GetMenuEntries
39,/DatabaseManager/Users/GetMenuEntries_Unlinked
39,/DatabaseManager/Users/GetSelectedUserOwnerAndReports
39,/DatabaseManager/Users/GetSelectedUserSupervisorDetails
39,/DatabaseManager/Users/GetUnlinkedUserGroupRights
39,/DatabaseManager/Users/GetUnlinkedUserRights
39,/DatabaseManager/Users/GetUserPage
39,/DatabaseManager/Users/GetUsersByGroupId
39,/DatabaseManager/Users/LinkUserGroupRights
39,/DatabaseManager/Users/LinkUserRights
39,/DatabaseManager/Users/ReportDeletionTicketsExist
39,/DatabaseManager/Users/SaveUser
39,/DatabaseManager/Users/UnlinkUserGroupRights
39,/DatabaseManager/Users/UnlinkUserRights
39,/DatabaseManager/Users/UpdateMenuLinkUserEntries
40,/DatabaseManager/WorkLogContract/
41,/DatabaseManager/WorkLogGroup/
42,/DatabaseManager/WorkLogGroupLink/
42,/DatabaseManager/WorkLogGroupLink/CreateTaskCategoryEntries
42,/DatabaseManager/WorkLogGroupLink/DeleteContractEntries
42,/DatabaseManager/WorkLogGroupLink/DeleteTaskCategoryEntries
42,/DatabaseManager/WorkLogGroupLink/ReadContractEntries
42,/DatabaseManager/WorkLogGroupLink/ReadSiteEntries
42,/DatabaseManager/WorkLogGroupLink/ReadTaskCategoryEntries
43,/DatabaseManager/WorkLogTaskCategory/
44,/DatabaseManager/WorkLogTeam/
44,/DatabaseManager/WorkLogTeam/GetDeletedUserList/
44,/DatabaseManager/WorkLogTeam/GetLinkedUsers
44,/DatabaseManager/WorkLogTeam/GetSupervisor/
44,/DatabaseManager/WorkLogTeam/GetUnlinkedUsers
44,/DatabaseManager/WorkLogTeam/Link
44,/DatabaseManager/WorkLogTeam/Unlink
45,/Documentation/
46,/EfficiencyServices
46,/EfficiencyServices/
47,/EfficiencyServices/Account/
47,/EfficiencyServices/Account/CreateEntries
47,/EfficiencyServices/Account/ReadEntries
48,/EfficiencyServices/AccountLinkSystem/
48,/EfficiencyServices/AccountLinkSystem/GetLinkedAccounts
48,/EfficiencyServices/AccountLinkSystem/GetUnlinkedAccounts
49,/EfficiencyServices/CalendarAggregationTags/
49,/EfficiencyServices/CalendarAggregationTags/ReadGridEntries
49,/EfficiencyServices/CalendarAggregationTags/UpdateEntries
50,/EfficiencyServices/CustomCalendar/
50,/EfficiencyServices/CustomCalendar/ReadEntries
50,/EfficiencyServices/CustomCalendar/ReadPeriodDataEntries
51,/EfficiencyServices/DataInput
51,/EfficiencyServices/DataInput/
51,/EfficiencyServices/DataInput/GeneratePDI
51,/EfficiencyServices/DataInput/LoadAccounts
51,/EfficiencyServices/DataInput/LoadGridData/
51,/EfficiencyServices/DataInput/UpdateTagValues/
52,/EfficiencyServices/DataReviewerNodeLinkTag/
52,/EfficiencyServices/DataReviewerNodeLinkTag/GetNodeHierarchy
52,/EfficiencyServices/DataReviewerNodeLinkTag/GetTreeStructuresByGroupID
52,/EfficiencyServices/DataReviewerNodeLinkTag/ReadGridEntries
53,/EfficiencyServices/EngineeringNote/
53,/EfficiencyServices/EngineeringNote/CreateEntries
53,/EfficiencyServices/EngineeringNote/DeleteEntries
53,/EfficiencyServices/EngineeringNote/GetNodeHierarchy
53,/EfficiencyServices/EngineeringNote/GetNotesEntries
53,/EfficiencyServices/EngineeringNote/GetSystems
53,/EfficiencyServices/EngineeringNote/GetTreeStructuresByGroupID
53,/EfficiencyServices/EngineeringNote/UpdateEntries
54,/EfficiencyServices/EngineeringNoteLinkProject
54,/EfficiencyServices/EngineeringNoteLinkProject/
54,/EfficiencyServices/EngineeringNoteLinkProject/CreateEntries
54,/EfficiencyServices/EngineeringNoteLinkProject/DeleteEntries
54,/EfficiencyServices/EngineeringNoteLinkProject/GetProjects
54,/EfficiencyServices/EngineeringNoteLinkProject/GetTreeStructuresByGroupID
54,/EfficiencyServices/EngineeringNoteLinkProject/ReadEntries
54,/EfficiencyServices/EngineeringNoteLinkProject/UpdateEntries
55,/EfficiencyServices/EnvironmentConfiguration/GetEnvironmentConfigurations
56,/EfficiencyServices/EnvironmentTagLock/
56,/EfficiencyServices/EnvironmentTagLock/GetEnvironmentConfigurations
56,/EfficiencyServices/EnvironmentTagLock/GetNodeHierarchy
56,/EfficiencyServices/EnvironmentTagLock/ReadEntries
57,/EfficiencyServices/EnvironmentTags/
58,/EfficiencyServices/ExportTagData
58,/EfficiencyServices/ExportTagData/
58,/EfficiencyServices/ExportTagData/PostTagDataInCsvFilePivotFormat
58,/EfficiencyServices/ExportTagData/PostTagDataInCsvFileStdFormat
58,/EfficiencyServices/ExportTagData/SearchTags
59,/EfficiencyServices/LoadCurtailmentDataInput
59,/EfficiencyServices/LoadCurtailmentDataInput/CreateInitialEntries
59,/EfficiencyServices/LoadCurtailmentDataInput/ReadEntries
59,/EfficiencyServices/LoadCurtailmentDataInput/UpdateEntries
60,/EfficiencyServices/LogProjectProcessing
60,/EfficiencyServices/LogProjectProcessing/
60,/EfficiencyServices/LogProjectProcessing/GetProjects
60,/EfficiencyServices/LogProjectProcessing/ReadEntries
61,/EfficiencyServices/MTBCustomTagLists/
62,/EfficiencyServices/NodeLinkProject/
62,/EfficiencyServices/NodeLinkProject/GetLinkedProjects
62,/EfficiencyServices/NodeLinkProject/GetNodeHierarchy
62,/EfficiencyServices/NodeLinkProject/GetNodeLinkedDeletedProjects
62,/EfficiencyServices/NodeLinkProject/GetUnlinkedProjects
63,/EfficiencyServices/NodeLinkSystem
63,/EfficiencyServices/NodeLinkSystem/
63,/EfficiencyServices/NodeLinkSystem/GetLinkedSystems
63,/EfficiencyServices/NodeLinkSystem/GetNodeHierarchy
63,/EfficiencyServices/NodeLinkSystem/GetUnlinkedSystems
63,/EfficiencyServices/NodeLinkSystem/Link
63,/EfficiencyServices/NodeLinkSystem/Unlink
64,/EfficiencyServices/PTBAlertViewer
64,/EfficiencyServices/PTBAlertViewer/
64,/EfficiencyServices/PTBAlertViewer/GetCalcDataForNotification/
64,/EfficiencyServices/PTBAlertViewer/GetGroupDataForNotification/
64,/EfficiencyServices/PTBAlertViewer/GetProjects/
64,/EfficiencyServices/PTBAlertViewer/GetSiteChildObjects/
64,/EfficiencyServices/PTBAlertViewer/GetSites
64,/EfficiencyServices/PTBAlertViewer/GetTagDataForNotification/
64,/EfficiencyServices/PTBAlertViewer/ReadAppNotificationLogEntries
64,/EfficiencyServices/PTBAlertViewer/ReadChangeLogEntries
64,/EfficiencyServices/PTBAlertViewer/ReadEntries
64,/EfficiencyServices/PTBAlertViewer/ReadSMSLogEntries
64,/EfficiencyServices/PTBAlertViewer/ReadUserChannelEntries
64,/EfficiencyServices/PTBAlertViewer/UpdateNotificationStatus/
65,/EfficiencyServices/PTBViewerConfiguration
65,/EfficiencyServices/PTBViewerConfiguration/
65,/EfficiencyServices/PTBViewerConfiguration/GetCompanySites
65,/EfficiencyServices/PTBViewerConfiguration/GetNodeHierarchy
65,/EfficiencyServices/PTBViewerConfiguration/GetSiteControls
65,/EfficiencyServices/PTBViewerConfiguration/GetSiteResources
65,/EfficiencyServices/PTBViewerConfiguration/GetUserNodes
65,/EfficiencyServices/PTBViewerConfiguration/GetUsers
65,/EfficiencyServices/PTBViewerConfiguration/Link
65,/EfficiencyServices/PTBViewerConfiguration/SaveSiteControls
66,/EfficiencyServices/Project/
66,/EfficiencyServices/Project/ReadEntries
66,/EfficiencyServices/Project/UpdateEntries
67,/EfficiencyServices/ProjectAdditionalProcessing
67,/EfficiencyServices/ProjectAdditionalProcessing/
67,/EfficiencyServices/ProjectAdditionalProcessing/CreateEntries
67,/EfficiencyServices/ProjectAdditionalProcessing/GenerateEntries
67,/EfficiencyServices/ProjectAdditionalProcessing/GetProjects
67,/EfficiencyServices/ProjectAdditionalProcessing/ReadEntries
68,/EfficiencyServices/ProjectCondonable
68,/EfficiencyServices/ProjectCondonable/
68,/EfficiencyServices/ProjectCondonable/CreateEntries
68,/EfficiencyServices/ProjectCondonable/DeleteEntries
68,/EfficiencyServices/ProjectCondonable/GetProjects
68,/EfficiencyServices/ProjectCondonable/ReadEntries
68,/EfficiencyServices/ProjectCondonable/UpdateEntries
69,/EfficiencyServices/ProjectLinkUser/
69,/EfficiencyServices/ProjectLinkUser/CreateEntries
69,/EfficiencyServices/ProjectLinkUser/GetProjects
69,/EfficiencyServices/ProjectLinkUser/GetUnlinkedProjects
69,/EfficiencyServices/ProjectLinkUser/GetUnlinkedUsers
69,/EfficiencyServices/ProjectLinkUser/GetUsers
69,/EfficiencyServices/ProjectLinkUser/ReadProjectLinkUserEntries
69,/EfficiencyServices/ProjectLinkUser/ReadUserLinkProjectReportEntries
70,/EfficiencyServices/ProjectOverview
70,/EfficiencyServices/ProjectOverview/
70,/EfficiencyServices/ProjectOverview/CreateBaselineEntries
70,/EfficiencyServices/ProjectOverview/CreateProjectChangeNotesEntries
70,/EfficiencyServices/ProjectOverview/CreateProjectLinkPropertyEntries
70,/EfficiencyServices/ProjectOverview/CreateProjectLinkTagEntries
70,/EfficiencyServices/ProjectOverview/DeleteProjectLinkTagEntries
70,/EfficiencyServices/ProjectOverview/GetProjectPropertyOptions
70,/EfficiencyServices/ProjectOverview/GetProjects
70,/EfficiencyServices/ProjectOverview/GetTagByID
70,/EfficiencyServices/ProjectOverview/GetTreeStructuresByGroupId
70,/EfficiencyServices/ProjectOverview/ReadBaselineDataEntries
70,/EfficiencyServices/ProjectOverview/ReadBaselineEntries
70,/EfficiencyServices/ProjectOverview/ReadProjectChangeNotesEntries
70,/EfficiencyServices/ProjectOverview/ReadProjectEntries
70,/EfficiencyServices/ProjectOverview/ReadProjectLinkPropertyEntries
70,/EfficiencyServices/ProjectOverview/ReadProjectLinkTagEntries
70,/EfficiencyServices/ProjectOverview/ReadTargetDataEntries
70,/EfficiencyServices/ProjectOverview/ReadTargetEntries
70,/EfficiencyServices/ProjectOverview/SaveBaselineData
70,/EfficiencyServices/ProjectOverview/SaveTargetData
70,/EfficiencyServices/ProjectOverview/SearchTags
70,/EfficiencyServices/ProjectOverview/UpdateProjectLinkPropertyEntries
70,/EfficiencyServices/ProjectOverview/UpdateProjectLinkTagEntries
70,/EfficiencyServices/ProjectOverview/UpdateTargetEntries
71,/EfficiencyServices/ProjectPerformanceOverview/
71,/EfficiencyServices/ProjectPerformanceOverview/ReadDownloadEntries/
71,/EfficiencyServices/ProjectPerformanceOverview/ReadEmailEntries/
72,/EfficiencyServices/StructNode/
72,/EfficiencyServices/StructNode/GetGraphStructure
72,/EfficiencyServices/StructNode/GetStructuresByGroupID
72,/EfficiencyServices/StructNode/GetTreeStructureEdges
72,/EfficiencyServices/StructNode/GetTreeStructuresByStructureID
72,/EfficiencyServices/StructNode/SaveTreeStructureHierarchy
72,/EfficiencyServices/StructNode/UpdateNodePositions
72,/EfficiencyServices/StructNode/UpdateStructure
73,/EfficiencyServices/StructStructure/
74,/EfficiencyServices/StructTreeStructureConnectionOrder/
74,/EfficiencyServices/StructTreeStructureConnectionOrder/GetNodeConnections
74,/EfficiencyServices/StructTreeStructureConnectionOrder/GetNodeHierarchy
74,/EfficiencyServices/StructTreeStructureConnectionOrder/ReadEntries
74,/EfficiencyServices/StructTreeStructureConnectionOrder/UpdateEntries
74,/EfficiencyServices/StructTreeStructureConnectionOrder/UpdateNodeConnectionOrder
75,/EfficiencyServices/System/
75,/EfficiencyServices/System/CreateEntries
75,/EfficiencyServices/System/ReadEntries
75,/EfficiencyServices/System/UpdateEntries
76,/EfficiencyServices/Tag
76,/EfficiencyServices/Tag/
76,/EfficiencyServices/Tag/CreateEntries
76,/EfficiencyServices/Tag/DeleteEntries
76,/EfficiencyServices/Tag/ReadEntries
76,/EfficiencyServices/Tag/UpdateEntries
77,/EfficiencyServices/TagDataViewer
77,/EfficiencyServices/TagDataViewer/
77,/EfficiencyServices/TagDataViewer/GetChartData
77,/EfficiencyServices/TagDataViewer/SearchTags
78,/EfficiencyServices/TagLinkAccount/
78,/EfficiencyServices/TagLinkAccount/GetAccounts
78,/EfficiencyServices/TagLinkAccount/ReadAccountVariableEntries
78,/EfficiencyServices/TagLinkAccount/ReadEntries
78,/EfficiencyServices/TagLinkAccount/ReadTagEntries
78,/EfficiencyServices/TagLinkAccount/SearchTags
78,/EfficiencyServices/TagLinkAccount/UpdateEntries
79,/EfficiencyServices/TagLinkSystem
79,/EfficiencyServices/TagLinkSystem/
79,/EfficiencyServices/TagLinkSystem/GetLinkedAdditionTags
79,/EfficiencyServices/TagLinkSystem/GetLinkedSubtractionTags
79,/EfficiencyServices/TagLinkSystem/GetSystems/
79,/EfficiencyServices/TagLinkSystem/GetUnlinkedTags
79,/EfficiencyServices/TagLinkSystem/Link
79,/EfficiencyServices/TagLinkSystem/UnLink
80,/EfficiencyServices/TagLinkSystemViewer
80,/EfficiencyServices/TagLinkSystemViewer/
80,/EfficiencyServices/TagLinkSystemViewer/GetNodeHierarchy
80,/EfficiencyServices/TagLinkSystemViewer/GetSystemsByNodeId
80,/EfficiencyServices/TagLinkSystemViewer/GetTagsBySystemID
80,/EfficiencyServices/TagLinkSystemViewer/GetTreeStructuresByGroupId
81,/EfficiencyServices/TariffLinkSystem/
81,/EfficiencyServices/TariffLinkSystem/GetLinkedStructures
81,/EfficiencyServices/TariffLinkSystem/GetLinkedTags
81,/EfficiencyServices/TariffLinkSystem/GetNodeHierarchy
81,/EfficiencyServices/TariffLinkSystem/GetSystemCharges
81,/EfficiencyServices/TariffLinkSystem/GetSystemsByNodeID
81,/EfficiencyServices/TariffLinkSystem/GetUnlinkedStructures
81,/EfficiencyServices/TariffLinkSystem/GetUnlinkedTags
82,/Login/Authenticate
82,/Login/ExtendSession
82,/Login/Logout
83,/Misc/AssistMe
83,/Misc/AssistMe/
84,/MobileToolbox/BarcodeManagement
84,/MobileToolbox/BarcodeManagement/
84,/MobileToolbox/BarcodeManagement/CreateBarcodeEntries
84,/MobileToolbox/BarcodeManagement/CreateBarcodeLinkInfoEntries
84,/MobileToolbox/BarcodeManagement/GetBarcodesLinkedToConfiguration
84,/MobileToolbox/BarcodeManagement/GetBarcodesUnlinkedFromConfiguration
84,/MobileToolbox/BarcodeManagement/GetDataFieldsForBarcodeLinkInfoRow
84,/MobileToolbox/BarcodeManagement/GetListOptionsForBarcodeLinkInfoRow
84,/MobileToolbox/BarcodeManagement/ReadBarcodeEntries
84,/MobileToolbox/BarcodeManagement/ReadBarcodeLinkInfoEntries
85,/MobileToolbox/ConfigurationInfo
85,/MobileToolbox/ConfigurationInfo/
85,/MobileToolbox/ConfigurationInfo/GetChildConfigurations
85,/MobileToolbox/ConfigurationInfo/GetDataFieldsLinkedToConfiguration
85,/MobileToolbox/ConfigurationInfo/GetDataFieldsUnlinkedFromConfiguration
85,/MobileToolbox/ConfigurationInfo/GetSupportItemLinkedToConfiguration
85,/MobileToolbox/ConfigurationInfo/GetSupportItemsUnlinkedFromConfiguration
85,/MobileToolbox/ConfigurationInfo/GetUnlinkedConfigurations
85,/MobileToolbox/ConfigurationInfo/ReadConfigurationInfoEntry
86,/MobileToolbox/CustomCalculation/
87,/MobileToolbox/DataFieldManagement/
87,/MobileToolbox/DataFieldManagement/CreateListOptionEntries
87,/MobileToolbox/DataFieldManagement/GetDataFieldsInOrder
87,/MobileToolbox/DataFieldManagement/GetListOfListSelectorDataFields/
87,/MobileToolbox/DataFieldManagement/GetListOptionsInOrder
87,/MobileToolbox/DataFieldManagement/GetListOptionsLinkedToDataField
87,/MobileToolbox/DataFieldManagement/GetListOptionsNotLinkedToDataField
87,/MobileToolbox/DataFieldManagement/GetValidationsLinkedToDataField
87,/MobileToolbox/DataFieldManagement/GetValidationsUnlinkedFromDataField
87,/MobileToolbox/DataFieldManagement/LinkListOptionToDataField
87,/MobileToolbox/DataFieldManagement/ReadDataFieldEntries
87,/MobileToolbox/DataFieldManagement/ReadInputTypeEntries
87,/MobileToolbox/DataFieldManagement/ReadListOptionEntries
87,/MobileToolbox/DataFieldManagement/ReadSupportItemEntries
87,/MobileToolbox/DataFieldManagement/ReadValidationEntries
87,/MobileToolbox/DataFieldManagement/ReadValidationLinkInfoEntries
87,/MobileToolbox/DataFieldManagement/UpdateListOptionOrder
88,/MobileToolbox/UserManagement/
88,/MobileToolbox/UserManagement/GetConfigurationViewingAccessLinkedToUser
88,/MobileToolbox/UserManagement/GetConfigurationViewingAccessUnlinkedToUser
88,/MobileToolbox/UserManagement/GetConfigurationsLinkedToUser
88,/MobileToolbox/UserManagement/GetConfigurationsNotLinkedToUser
88,/MobileToolbox/UserManagement/GetUsersWithMobileToolboxAccessByGroup
89,/NotificationView/
90,/POPI
90,/POPI/GetPrivacyPolicy
90,/POPI/ProcessAcceptance
91,/ResetPassword
91,/ResetPassword/
91,/ResetPassword/AuthenticateResetUrl
91,/ResetPassword/ResetAccountPassword
91,/ResetPassword/SendResetUrl
91,/ResetPassword/UpdatePassword
92,/SmartViews
92,/SmartViews/
92,/SmartViews/AddSmartViewsDatasets/
92,/SmartViews/CheckForReportMTBLinks/
92,/SmartViews/GetAvailableContainers/
92,/SmartViews/GetContributors
92,/SmartViews/GetDataSources/
92,/SmartViews/GetLinkedDashboards
92,/SmartViews/GetLinkedViewAcc
92,/SmartViews/GetRefreshHistory
92,/SmartViews/GetReportEmbeddingCode
92,/SmartViews/GetSmartView/
92,/SmartViews/GetSmartViewConfiguration/
92,/SmartViews/GetUnLinkedUsers
92,/SmartViews/GetUnLinkedViewAcc
92,/SmartViews/LinkContributors
92,/SmartViews/LinkViewAcc
92,/SmartViews/ReadPowerBIReports
92,/SmartViews/ReadSmartViewsDatasets
92,/SmartViews/RefreshReports/
92,/SmartViews/RemoveReport/
92,/SmartViews/RemoveSmartViewsDatasets/
92,/SmartViews/UnlinkContributors
92,/SmartViews/UnlinkViewAcc
92,/SmartViews/UpdateReportDetails/
92,/SmartViews/UpdateSmartViewsDatasets/
93,/Support/Feedback/GetContracts
93,/Support/Feedback/GetSites
93,/Support/Feedback/PostFileInfo
93,/Support/Feedback/SubmitFeedback
93,/Support/Feedback/UpdateTicketURL
93,/Support/ITSupport/SubmitTicket
93,/Support/MTBDashboardAccess/GetDashboardEntries
93,/Support/MTBDashboardAccess/GetLinkedUserRights
93,/Support/MTBDashboardAccess/GetMTBUsers
93,/Support/MTBDashboardAccess/GetNodeHierarchy
93,/Support/MTBDashboardAccess/GetTreeStructuresByGroupId
93,/Support/MTBDashboardAccess/GetUnlinkedDashboardEntries
93,/Support/MTBDashboardAccess/GetUnlinkedUserRights
93,/Support/MTBDashboardAccess/GetUserNodes
93,/Support/MTBDashboardAccess/RequestDashboardAccess
93,/Support/MobileLicense/GetLinkedEntries
93,/Support/MobileLicense/GetLinkedSmartViews
93,/Support/MobileLicense/GetNodeHierarchy
93,/Support/MobileLicense/GetUnlinkedEntries
93,/Support/MobileLicense/GetUnlinkedSmartViews
93,/Support/MobileLicense/GetUserDetails
93,/Support/MobileLicense/GetUserNodes
93,/Support/MobileLicense/GetUserProjectOverview
93,/Support/MobileLicense/GetUsers
93,/Support/MobileLicense/RequestMobileLicense
93,/Support/RequestAccess/GetLinkedUserGroupRights
93,/Support/RequestAccess/GetLinkedUserRights
93,/Support/RequestAccess/GetMenuEntries
93,/Support/RequestAccess/GetUnlinkedMenuEntries
93,/Support/RequestAccess/GetUnlinkedUserGroupRights
93,/Support/RequestAccess/GetUnlinkedUserRights
93,/Support/RequestAccess/RequestMenuAccess
93,/Support/SmartViewRequest/ApproveSmartView
93,/Support/SmartViewRequest/SubmitReviewRequest
93,/Support/Tickets
93,/Support/Tickets/
93,/Support/Tickets/AcceptLicence
93,/Support/Tickets/AddComment
93,/Support/Tickets/CloseTicket
93,/Support/Tickets/ConvertTicket
93,/Support/Tickets/CreateUserAccount
93,/Support/Tickets/DenyLicense
93,/Support/Tickets/GetAllApprovedUsers
93,/Support/Tickets/GetAllSupervisor
93,/Support/Tickets/GetAssignedUsers
93,/Support/Tickets/GetInformedUsers
93,/Support/Tickets/GetTicketCounts
93,/Support/Tickets/GetUnassignedUsers
93,/Support/Tickets/GetUninformedUsers
93,/Support/Tickets/GrantAccess
93,/Support/Tickets/GrantDashboardAccess
93,/Support/Tickets/GrantMobileLicense
93,/Support/Tickets/LoadTicketSummary
93,/Support/Tickets/ReopenTicket
93,/Support/Tickets/SupervisorApproveNewAccount
93,/Support/Tickets/SupervisorApproved
93,/Support/Tickets/SupervisorDashApproved
93,/Support/Tickets/UpdateAssignedUsers
93,/Support/Tickets/UpdateFeedbackCategory
93,/Support/Tickets/UpdateInformedUsers
93,/Support/Tickets/UpdateTicketGroupAndContract
93,/Support/Tickets/UpdateTitle
93,/Support/UserRequestForm/RequestUserAccount
93,/TaskBase/GetAssignedLabels
93,/TaskBase/GetUnassignedLabels
93,/TaskBase/UpdateLabels
94,/TestSlack
95,/UsageMetrics
95,/UsageMetrics/
95,/UsageMetrics/GetLastRefreshedDate
95,/UsageMetrics/GetReportEmbeddingCode
96,/UserAccount
96,/UserAccount/
96,/UserAccount/GetContractDetails
96,/UserAccount/GetSiteDetails
96,/UserAccount/GetTaskCategoryDetails
96,/UserAccount/UpdateDefaults
97,/WorkLog
97,/WorkLog/
97,/WorkLog/ContractTracker/ReadGridEntries
97,/WorkLog/ContractTracker/ReadUserDrillDownEntries
97,/WorkLog/CreateLogEntries
97,/WorkLog/DeleteLogEntries
97,/WorkLog/GetContractDetails
97,/WorkLog/GetLogEntries
97,/WorkLog/GetSiteDetails
97,/WorkLog/GetTaskCategoryDetails
97,/WorkLog/UpdateLogEntries
97,/WorkLog/WorkLogAnalyzer/GetChartData
97,/WorkLog/WorkLogDailyViewer/GetUserList
97,/WorkLog/WorkLogDailyViewer/ReadEntries
97,/WorkLog/WorkLogViewer/ExportData
97,/WorkLog/WorkLogViewer/ExportDataSpecialised
97,/WorkLog/WorkLogViewer/GetGroupedLogEntries
97,/WorkLog/WorkLogViewer/GetLogEntries
98,/documentation/
99,/smartviews
